site,bag_id,artifact,layer,locus,square,raw_material,support,preservation,length,width,thickness,weight,usewear_macro,usewear_location,usewear_type,active_areas,residues_macro,typology,photo_file,observations
Nesher Ramla,112,112,5,37,L20,Limestone,Pebble,small_breakage,71.61,65.28,47.92,364,yes,tip,pecking,2,no,Hammerstone,,
Nesher Ramla,8010,8010,5,59,M16,Limestone,Pebble,broken,84.61,64.05,55.48,411,no,,,,no,Manuport,,
Nesher Ramla,5350,8350,5,45,O15,Flint,Pebble,complete,45.8,41.15,29.89,91,yes,central,pecking,1,no,Hammerstone,,
Nesher Ramla,51,51,5,37,L19,Limestone,Pebble,complete,79.72,72.41,47.95,394,no,,,,no,Manuport,,
Nesher Ramla,52,52,5,37A,,Limestone,Pebble,small_breakage,66.34,58.14,26.57,186,no,,,,no,Anvil,,
Nesher Ramla,8723,8723,5,,,Limestone,Pebble,complete,62.35,53.63,41.58,182,yes,tip,pecking,1,yes,Undefined,8723.jpg,possible ochre
Nesher Ramla,4340,4340,5,,,Limestone,Pebble,complete,90.32,63.61,55.06,448,yes,tip,mix,2,yes,Hammerstone,,
Nesher Ramla,8719,8719,5,,,Limestone,Pebble,complete,89.22,62.59,52.91,429,yes,tip,polish,1,yes,Undefined,,flint ship stuck
Nesher Ramla,5520,5520,5,45,,Limestone,Pebble,broken,81.62,72.67,54.38,413,no,,,,no,Natural,,
Nesher Ramla,8718,8718,5,,,Flint,Pebble,complete,48.57,38.8,33.3,91,yes,tip,polish,1,no,Undefined,,
Nesher Ramla,1804,1804,5,37,,Limestone,block,broken,0,0,0,0,no,,,,no,Natural,,
Nesher Ramla,381,381,5,37,,Limestone,Pebble,complete,114.92,89.73,64.1,961,yes,tip,polish,1,no,Undefined,,
Nesher Ramla,8579,8579,5,58b,,Limestone,Pebble,complete,58.15,36.69,29.79,87,no,,,,no,Manuport,,
Nesher Ramla,8661,8661,5,,,Limestone,Pebble,complete,74.16,57.04,37.59,226,no,,,,no,Manuport,,
Nesher Ramla,8731,8731,5,45b,,Limestone,Pebble,complete,60.79,50.65,32.95,146,no,,,,no,Manuport,,
Nesher Ramla,8743,8743,5,,,Limestone,Pebble,complete,85.41,71.75,59.13,429,no,,,,no,Manuport,,
Nesher Ramla,8743,8743-1,5,,,Limestone,Pebble,complete,75.04,62.18,46.89,345,yes,tip,pecking,,yes,Hammerstone,,part burned?
Nesher Ramla,8743,8743-2,5,,,Limestone,Pebble,complete,75.51,59.61,33.54,229,no,,,,no,Manuport,,
Nesher Ramla,8743,8743-3,5,,,Limestone,Pebble,complete,74.37,71.42,53.35,425,yes,tip,pecking,1,no,Hammerstone,,
Nesher Ramla,8499,8499,5,58,,Limestone,Pebble,complete,57.15,53.56,45.81,188,no,,,,no,Manuport,,
Nesher Ramla,1200,1200,5,37,,Limestone,Pebble,small_breakage,59.81,50.75,33.69,184,no,,,,no,Manuport,,
Nesher Ramla,631,631,5,37,,Limestone,Pebble,small_breakage,67.73,59.3,42.58,243,yes,tip,pecking,1,no,Hammerstone,,
Nesher Ramla,8545,8545-1,5,,,Limestone,block,broken,0,0,0,0,no,,,,no,Natural,,
Nesher Ramla,8845,8845,5,,,Flint,Pebble,complete,64.98,56.96,53.98,274,no,,,,no,Manuport,,
Nesher Ramla,8613,8613,5,45,,Limestone,Pebble,complete,72.1,60.16,38.82,256,no,,,,no,Manuport,,
Nesher Ramla,8509,8509,5,52,,Limestone,Pebble,broken,60.11,36.13,36.98,108,no,,,,no,Undefined,,
Nesher Ramla,5540,5540,5,45,,Limestone,Pebble,complete,62.23,59.47,51.71,294,no,,,,no,Manuport,,
Nesher Ramla,8519,8519,5,58,,Limestone,Pebble,complete,63.58,57.72,48.1,265,yes,tip,pecking,1,no,Hammerstone,,
Nesher Ramla,6921,6921,5,,,Limestone,Pebble,complete,79.72,65.29,51.07,451,no,,,,no,Manuport,,
Nesher Ramla,5990,5990,5,45,,Limestone,Pebble,small_breakage,0,0,0,0,no,,,,no,Manuport,,
Nesher Ramla,1231,1231,5,37,,Limestone,Pebble,broken,58.61,34.64,40.16,111,no,,,,no,Undefined,,
Nesher Ramla,5898,5898,5,,,Limestone,Pebble,complete,56.65,47.2,42.5,184,no,,,,no,Manuport,,
Nesher Ramla,8517,8517,5,58,,Limestone,Pebble,broken,82.83,54.94,37.72,198,no,,,,no,Undefined,,
Nesher Ramla,8517,8517-2,5,58,,Limestone,Pebble,complete,53.22,38.96,32.49,87,no,,,,no,Manuport,,
Nesher Ramla,8517,8517-1,5,59,,Limestone,Pebble,complete,59.36,48.75,37.91,146,no,,,,no,Manuport,,
Nesher Ramla,8402,8402,5,45,,Limestone,Pebble,complete,73.99,55.35,42.62,265,yes,tip,polish,1,yes,Undefined,,yellow pigment??
Nesher Ramla,8519,8519,5,58,,Limestone,Pebble,complete,0,0,0,0,yes,both,mix,2,yes,Undefined,,
Nesher Ramla,8501,8501,5,58,,Limestone,Pebble,complete,74.17,63.3,56.36,366,yes,central,pecking,1,no,Hammerstone,,
Nesher Ramla,8501,8501-1,5,58,,Limestone,Pebble,complete,52.56,39.45,29.98,83,no,,,,no,Manuport,,
Nesher Ramla,8501,8501-2,5,58,,Limestone,Pebble,broken,74.23,30.96,48.38,150,no,,,,yes,Undefined,,
Nesher Ramla,7931,7931,5,59,,Limestone,Pebble,complete,63.98,53.27,44.75,213,yes,tip,polish,1,yes,Undefined,,
Nesher Ramla,5083,5083,5,37,,Limestone,Pebble,broken,0,0,0,0,yes,tip,pecking,1,no,Hammerstone,,
Nesher Ramla,1140,1140,5,,,Limestone,block,broken,0,0,0,0,no,,,,no,Natural,,
Nesher Ramla,8501,8501,5,,,Limestone,Pebble,complete,0,0,0,0,no,,,,no,Manuport,,
Nesher Ramla,8727,8727,5,45b,,Limestone,Pebble,broken,0,0,0,0,no,,,,no,Natural,,
Nesher Ramla,8727,8724-1,5,,,Limestone,Pebble,complete,83.52,67.01,47.75,362,no,,,,no,Manuport,,
Nesher Ramla,8599,8599,5,,,Limestone,Pebble,complete,57.81,57.31,43.56,202,no,,,,no,Manuport,,
Nesher Ramla,8743,8743-1,5,,,Limestone,block,complete,0,0,0,0,no,,,,no,Natural,,
Nesher Ramla,8743,8743-2,5,,,Limestone,Pebble,complete,0,0,0,0,no,,,,no,Manuport,,
Nesher Ramla,8743,8743-3,5,,,Limestone,Pebble,complete,89.72,57.97,51.42,421,no,,,,no,Manuport,,
Nesher Ramla,8743,8743-4,5,,,Limestone,Pebble,complete,94.15,60.53,40.1,310,yes,tip,pecking,1,no,Hammerstone,,
Nesher Ramla,8743,8743-5,5,,,Limestone,Pebble,complete,73.21,60.28,58.89,384,no,,,,no,Manuport,,
Nesher Ramla,8743,8743-6,5,,,Limestone,Pebble,complete,0,0,0,0,yes,central,pecking,1,no,Hammerstone,,
Nesher Ramla,,x0,5,,,Limestone,Pebble,complete,80.45,63.66,38.43,257,no,,,,no,Manuport,,
Nesher Ramla,,x1,5,,,Limestone,Pebble,complete,56.49,35.22,24.34,75,no,,,,no,Manuport,,
Nesher Ramla,,x2,5,,,Limestone,Pebble,small_breakage,91.2,75.8,64.88,558,yes,tip,pecking,1,no,Hammerstone,,
Nesher Ramla,,x3,5,,,Limestone,Pebble,complete,0,0,0,0,no,,,,yes,Manuport,,
Nesher Ramla,,x3,5,,,Limestone,Pebble,complete,0,0,0,0,yes,tip,pecking,1,no,Hammerstone,,
Nesher Ramla,8141,8141,5,45,,Limestone,Pebble,complete,82.05,59.81,37.18,283,no,,,,no,Manuport,,
Nesher Ramla,8141,8141-2,5,45,,Limestone,Pebble,small_breakage,51.85,48.81,33.6,,yes,tip,pecking,1,no,Hammerstone,,
Nesher Ramla,8141,8141-1,5,45,,Limestone,Pebble,complete,0,0,0,0,no,,,,yes,Manuport,,burned?
Nesher Ramla,1534,1534,5,37,,Limestone,block,broken,0,0,0,0,no,,,,no,Undefined,,
Nesher Ramla,8646,8646,5,45,,Limestone,block,complete,128.6,120.79,78.44,1668,no,,,,no,Natural,,
Nesher Ramla,8646,8646-1,5,45A,,Limestone,Pebble,complete,42.57,35.24,31.93,64,yes,both,mix,2,yes,Undefined,,
Nesher Ramla,7044,7044,5,45,,Limestone,Pebble,complete,72.23,54.4,22.95,141,no,,,,no,Manuport,,
Nesher Ramla,7044,7044-1,5,45,,Limestone,Pebble,complete,95.94,87.29,51.14,550,no,,,,no,Manuport,,
Nesher Ramla,7044,7040-2,5,45,,Limestone,Pebble,complete,0,0,0,0,no,,,,no,Manuport,,
Nesher Ramla,8255,8255,5,,,Limestone,Pebble,complete,63.33,58.82,39.49,201,yes,tip,pecking,1,no,Hammerstone,,
Nesher Ramla,8255,8255-1,5,,,Limestone,Pebble,complete,85.51,70.01,45.2,349,yes,tip,polish,,no,Undefined,,
Nesher Ramla,7649,7649,5,54,,Limestone,Pebble,complete,71.19,63.73,50.62,318,no,,,,,Manuport,,
Nesher Ramla,7649,7649-1,5,54,,Limestone,Pebble,complete,79.96,73.14,57.39,524,no,,,,no,Manuport,,
Nesher Ramla,703,703,5,37,,Limestone,Pebble,broken,81.38,51.42,54.21,311,no,,,,no,Undefined,,
Nesher Ramla,5898,5898,5,,,Limestone,Pebble,complete,66.47,64.53,30.81,194,no,,,,no,Manuport,,
Nesher Ramla,5898,5898-1,5,,,Limestone,Pebble,broken,63.13,52.21,27.52,123,no,,,,no,Undefined,,firecrack?
Nesher Ramla,5033,5033,5,,,Limestone,Pebble,complete,61.43,58.28,39.99,198,no,,,,no,Undefined,,
Nesher Ramla,5033,5033-1,5,,,Limestone,Pebble,broken,67.33,44.68,36.37,180,yes,tip,pecking,1,no,Hammerstone,,
Nesher Ramla,6780,6780-2,5,45,,Limestone,Pebble,complete,66.38,54.4,42.6,221,no,,,,no,Manuport,,
Nesher Ramla,328,328,5,37,,Limestone,Pebble,complete,53.76,44.52,35.5,113,no,,,,no,Manuport,,
Nesher Ramla,8246,8246,5,37,,Limestone,Pebble,broken,70.54,53.11,43.42,241,yes,tip,pecking,1,no,Hammerstone,,
Nesher Ramla,6780,6780-1,5,45,,Limestone,Pebble,small_breakage,81.13,72.37,49.19,393,yes,tip,pecking,1,no,Hammerstone,,
Nesher Ramla,6780,6780,5,45,,Limestone,Pebble,complete,45.22,37.26,34.29,84,no,,,,no,Manuport,,
Nesher Ramla,6780,6780,5,45,,Limestone,Pebble,complete,99.74,56.33,46.36,319,no,,,,no,Manuport,,
Nesher Ramla,6780,6780-3,5,45,,Limestone,Pebble,broken,78.48,58.72,27.53,146,yes,central,pecking,1,no,Anvil,,
Nesher Ramla,8646,8646-1,5,45A,,Limestone,block,broken,0,0,0,0,yes,central,pecking,1,no,Anvil,,
Nesher Ramla,8282,8282,5,37,,Limestone,Pebble,complete,87.1,61.33,43.66,307,no,,,,no,Manuport,,
Nesher Ramla,6780,6780-1,5,45,,Limestone,Pebble,complete,84.27,68.22,38.05,332,yes,central,polish,,no,Undefined,,
Nesher Ramla,1254,1254,5,37,,Limestone,Pebble,complete,67.42,61.25,63,364,no,,,,,Manuport,,
Nesher Ramla,7689,7689-1,5,54,,Limestone,Pebble,complete,83.99,71.09,66.14,530,yes,tip,pecking,1,no,Hammerstone,,
Nesher Ramla,8361,8361-1,5,45,,Limestone,block,broken,0,0,0,0,no,,,,no,Natural,,
Nesher Ramla,8361,8361,5,45,,Limestone,Pebble,complete,76.72,64.9,43.73,287,yes,tip,pecking,1,no,Hammerstone,,
Nesher Ramla,8252,8252,5,,,Limestone,block,broken,65.6,24.36,20.07,59,no,,,,no,Natural,,
Nesher Ramla,4152,4152,5,,,Limestone,block,broken,113.39,76.87,48.04,564,no,,,,,Natural,,
Nesher Ramla,8647,8647,5,45A,,Limestone,Pebble,broken,71.87,48.73,35.84,162,yes,tip,pecking,1,no,Undefined,,
Nesher Ramla,5520,5520-1,5,45,,Limestone,Pebble,complete,79.82,68.54,40.89,326,no,,,,no,Manuport,,
Nesher Ramla,5520,5520,5,45,,Limestone,Pebble,broken,0,0,0,0,yes,tip,pecking,1,no,Chopper,,bifacial edge
Nesher Ramla,8210,8210,5,,,Limestone,Pebble,complete,55.56,38.38,28.44,77,yes,central,striations,1,no,Undefined,,
Nesher Ramla,1822,1822,5,37,,Limestone,Pebble,complete,69.59,67.73,46.01,0,yes,tip,pecking,1,no,Hammerstone,,
Nesher Ramla,935,935,5,37,,Limestone,block,broken,71.64,64.39,35.92,245,no,,,,no,Natural,,
Nesher Ramla,,,5,37,,Limestone,Pebble,broken,0,0,0,0,no,,,,no,Hammerstone,,
Nesher Ramla,8267,8267,5,37,,Limestone,Pebble,complete,61.84,53.91,48.68,217,yes,tip,pecking,1,no,Hammerstone,,
Nesher Ramla,8133,8133,5,45,,Limestone,Pebble,small_breakage,64.1,57.41,29.28,133,no,,,,no,Undefined,,
Nesher Ramla,5722,5722,5,49,,Limestone,Pebble,broken,77.12,44.37,50.02,275,yes,tip,pecking,1,no,Hammerstone,,
Nesher Ramla,7689,7689-2,5,54,,Limestone,block,broken,0,0,0,0,no,,,,no,Natural,,
Nesher Ramla,1626,1626,5,37,,Limestone,Pebble,complete,79.85,63.06,48.65,321,yes,tip,pecking,1,no,Hammerstone,,
Nesher Ramla,,,5,49,,Limestone,Pebble,broken,0,0,0,0,yes,tip,pecking,2,no,Hammerstone,,
Nesher Ramla,6079,6079,5,37,,Limestone,Pebble,complete,128.63,55.07,63.48,389,yes,tip,pecking,1,no,Hammerstone,,
Nesher Ramla,8155,8155,5,45,,Limestone,block,broken,0,0,0,0,no,,,,no,Natural,,
Nesher Ramla,8155,8155-1,5,45,,Limestone,Pebble,complete,72.86,63.52,39.42,254,no,,,,no,Manuport,,
Nesher Ramla,6086,6086,5,37,,Limestone,Pebble,complete,86.05,62.5,61.8,450,no,,,,no,Manuport,,
Nesher Ramla,1081,1081,5,37,,Limestone,Pebble,complete,61.89,52.55,40.75,194,no,,,,no,Manuport,,
Nesher Ramla,712,712,5,37,,Limestone,Pebble,complete,65.61,48.02,37.37,182,no,,,,no,Manuport,,
Nesher Ramla,7630,7630,5,54,,Limestone,Pebble,complete,83.19,68.49,49.16,377,yes,tip,pecking,1,no,Hammerstone,,
Nesher Ramla,7630,7630-1,5,54,,Limestone,Pebble,small_breakage,70.49,51.31,43.96,212,yes,tip,pecking,1,no,Hammerstone,,
Nesher Ramla,300,300,5,37,O21,Limestone,Pebble,complete,86.02,70.46,43.92,356,yes,central,pecking,1,no,Hammerstone,,
Nesher Ramla,6336,6336,5,,,Limestone,Pebble,complete,76.7,51.34,40.2,215,no,,,,no,Manuport,,
Nesher Ramla,6112,6112,5,37,,Limestone,Pebble,complete,86.27,68.6,47.98,440,no,,,,no,Manuport,,
Nesher Ramla,8696,8696,5,64,,Limestone,Pebble,broken,53.57,23.85,37.91,52,no,,,,no,Manuport,,
Nesher Ramla,5925,5925,5,,,Limestone,Pebble,small_breakage,70.1,56.4,44.46,286,yes,tip,pecking,1,no,Hammerstone,,
Nesher Ramla,738,738,5,37,,Limestone,Pebble,small_breakage,0,0,0,0,yes,tip,pecking,2,no,Hammerstone,,
Nesher Ramla,8720,8720,5,45B,,Limestone,Pebble,broken,91.47,71.55,32.77,234,no,,,,no,Manuport,,
Nesher Ramla,116,116,5,37,L20,Limestone,Pebble,complete,74.59,70.44,62.57,486,no,,,,no,Manuport,,
Nesher Ramla,4292,4292,5,,,Limestone,Pebble,complete,0,0,0,0,yes,tip,pecking,1,no,Hammerstone,,
Nesher Ramla,8396,8396,5,45,,Limestone,Pebble,complete,65.97,59.97,35.07,183,no,,,,no,Manuport,,
Nesher Ramla,90,90,5,37A,,Limestone,Pebble,complete,73.38,55.71,45.93,278,yes,tip,pecking,1,no,Hammerstone,,
Nesher Ramla,993,993,5,37,,Limestone,Pebble,complete,76.93,67.44,61.13,389,no,,,,,Manuport,,
Nesher Ramla,268,268,5,37,,Limestone,Pebble,complete,67.04,59.23,53.16,300,no,,,,no,Manuport,,
Nesher Ramla,1126,1126,5,37,,Limestone,Pebble,complete,61.26,60.95,56.88,323,no,,,,no,Manuport,,
Nesher Ramla,7260,7260-1,5,58,,Limestone,Pebble,complete,68.13,65.88,51.17,395,yes,tip,striations,1,no,Abrader,,
Nesher Ramla,7260,7260,5,58,,Limestone,Pebble,small_breakage,62.51,55.8,39.04,164,yes,tip,pecking,1,no,Hammerstone,,
Nesher Ramla,7268,7268,5,58,,Limestone,Pebble,complete,48.28,43.26,33.47,113,no,,,,no,Manuport,,
Nesher Ramla,8001,8001,5,59,,Limestone,Pebble,complete,62.11,52.92,49.26,209,yes,tip,pecking,1,no,Hammerstone,,
Nesher Ramla,234,234,5,37,N21,Limestone,Pebble,complete,63.5,51.39,31.68,147,yes,tip,pecking,1,no,Hammerstone,,
Nesher Ramla,1181,1181,5,37,,Limestone,Pebble,small_breakage,65.33,57.51,47.42,217,yes,tip,pecking,1,no,Hammerstone,,
Nesher Ramla,8682,8682,5,45A,,Limestone,Pebble,complete,77.33,69.91,50.29,436,no,,,,no,Manuport,,
Nesher Ramla,7016,7016-2,5,54,,Limestone,block,broken,0,0,0,0,no,,,,no,Natural,,
Nesher Ramla,8490,8490-1,5,37,,Limestone,Pebble,small_breakage,58.83,45.69,30.71,110,no,,,,no,Manuport,,
Nesher Ramla,7223,7223,5,46,,Limestone,block,broken,0,0,0,0,no,,,,no,Natural,,
Nesher Ramla,7223,7223-1,5,46,,Limestone,Pebble,small_breakage,97.27,85.14,61.09,583,no,,,,no,Manuport,,
Nesher Ramla,56,56,5,37A,,Limestone,Pebble,small_breakage,59.86,52.51,46.36,270,yes,tip,pecking,1,no,Hammerstone,,
Nesher Ramla,4451,4451,5,37A,,Limestone,Pebble,complete,69.59,46.2,39.88,207,no,,,,no,Manuport,,
Nesher Ramla,7062,7062,5,54,,Limestone,Pebble,complete,76.02,58.12,47.62,267,no,,,,no,Manuport,,
Nesher Ramla,6505,6505,5,,,Limestone,Pebble,complete,72.17,52.07,38.85,193,no,,,,no,Manuport,,
Nesher Ramla,1808,1808,5,37,,Limestone,Pebble,complete,70.35,66.24,40.82,263,yes,tip,pecking,1,no,Hammerstone,,
Nesher Ramla,1145,1145,5,37,,Limestone,Pebble,complete,86.69,72.55,53.65,492,yes,tip,pecking,1,no,Hammerstone,,
Nesher Ramla,7016,7016,5,54,,Limestone,Pebble,complete,63.56,56.73,39.32,194,no,,,,no,Manuport,,
Nesher Ramla,7062,7062-1,5,54,,Limestone,Pebble,complete,71.21,65.53,43.88,305,yes,central,pecking,1,yes,Hammerstone,,Bone fragment stuck 
Nesher Ramla,5570,5570,5,47,,Limestone,Pebble,small_breakage,84.53,55.77,25.35,173,no,,,,no,Manuport,,
Nesher Ramla,5621,5621,5,45,,Limestone,Pebble,complete,155.03,125.19,41.32,1463,no,,,,no,Manuport,,
Nesher Ramla,230,230,5,37,,Limestone,Pebble,complete,74.4,52.73,5128,266,no,,,,no,Manuport,,
Nesher Ramla,8526-2,8526-2,5,,,Limestone,Pebble,broken,80.06,45.71,37.13,218,no,,,,no,Manuport,,
Nesher Ramla,8526,8526,5,,,Limestone,Pebble,complete,65.98,46.84,27.71,117,no,,,,no,Manuport,,
Nesher Ramla,8526,8526-1,5,,,Limestone,Pebble,complete,66.25,40.26,42.04,152,no,,,,no,Manuport,,
Nesher Ramla,1830,1830,5,37,,Limestone,Pebble,complete,77.46,68.55,50.7,355,yes,tip,pecking,1,no,Hammerstone,,
Nesher Ramla,19,19,5,37,L19,Limestone,Pebble,complete,71.79,55.61,50.66,290,yes,tip,pecking,1,no,Hammerstone,,
Nesher Ramla,4879,4879,5,47,,Limestone,Pebble,broken,64.85,50.59,32.81,142,no,,,,no,Manuport,,
Nesher Ramla,6041,6041,5,37,,Limestone,Pebble,complete,53.36,44.62,28.04,107,no,,,,no,Manuport,,
Nesher Ramla,292,292,5,37,O21,Limestone,Pebble,complete,70.16,54.92,48.86,242,no,,,,no,Manuport,,
Nesher Ramla,5516,5516,5,47,,Limestone,Pebble,complete,77.05,48.34,48.06,196,no,,,,no,Manuport,,
Nesher Ramla,760,760,5,37,,Limestone,Pebble,complete,57.25,45.68,45.22,188,no,,,,no,Manuport,,
Nesher Ramla,1082,1082,5,37,,Limestone,Pebble,complete,85.33,44.62,41.36,291,no,,,,no,Manuport,,
Nesher Ramla,5557,5557,5,47,,Limestone,Pebble,complete,62.25,35.69,30.01,110,no,,,,no,Manuport,,
Nesher Ramla,4783,4783,5,46,,Limestone,block,complete,75.54,56.74,50.23,266,no,,,,no,Natural,,
Nesher Ramla,4783,4783-1,5,46,,Limestone,Pebble,complete,77.66,59.63,56.28,404,yes,tip,pecking,2,no,Hammerstone,,
Nesher Ramla,5526,5526,5,47,,Limestone,Pebble,small_breakage,77.81,60.08,46.29,302,yes,tip,pecking,1,no,Hammerstone,,
Nesher Ramla,1072,1072,5,37,,Limestone,Pebble,complete,83.81,67.96,44.26,385,yes,tip,pecking,3,no,Hammerstone,,
Nesher Ramla,380,380,5,37,Q19,Limestone,Pebble,complete,76.74,69.37,43.15,328,no,,,,no,Manuport,,
Nesher Ramla,8593,8593,5,45,,Limestone,Pebble,broken,0,0,0,0,no,,,,no,Manuport,,
Nesher Ramla,4389,4389-1,5,,,Limestone,Pebble,complete,52.14,45.81,39.5,135,no,,,,no,Manuport,,
Nesher Ramla,4389,4389-2,5,,,Limestone,Pebble,complete,51.77,48.18,39.32,198,no,,,,no,Manuport,,
Nesher Ramla,4389,4389,5,,,Limestone,Pebble,complete,95.62,77.42,57.64,627,yes,central,mix,1,no,Undefined,,
Nesher Ramla,4522,4522,5,,,Limestone,Pebble,complete,48.99,42.63,37.44,116,yes,tip,pecking,1,no,Hammerstone,,
Nesher Ramla,1093,1093,5,,,Limestone,Pebble,complete,86.94,68.47,57.62,493,no,,,,no,Manuport,,
Nesher Ramla,5551,5551,5,45,,Limestone,Pebble,broken,66.43,46.53,19.62,65,no,,,,no,Manuport,,
Nesher Ramla,7016,7016-1,5,54,,Limestone,Pebble,broken,63.4,59.66,43.16,116,no,,,,no,Manuport,,
Nesher Ramla,5118,5118,5,,,Limestone,block,broken,154.49,87.13,44.61,715,no,,,,no,Chopper,,
Nesher Ramla,5557,5557-1,5,47,,Limestone,Pebble,complete,83.48,71.55,49.23,389,no,,,,no,Manuport,,
Nesher Ramla,793,793,5,37,,Limestone,Pebble,complete,93.98,65.78,39.76,322,no,,,,yes,Manuport,,bone fragment
Nesher Ramla,5551,5551-1,5,45,,Limestone,Pebble,small_breakage,82.94,54.44,26.75,174,no,,,,no,Manuport,,
Nesher Ramla,1839,1939,5,37,,Limestone,boulder,broken,144.51,141.18,84.47,2745,no,,,,no,Chopper,,
Nesher Ramla,1593,1593,5,37,,Limestone,Pebble,complete,87.4,70.86,49.93,479,yes,tip,pecking,1,no,Hammerstone,,
Nesher Ramla,6034,6034,5,37,,Limestone,Pebble,complete,93.64,63.09,47.11,413,yes,tip,pecking,1,no,Hammerstone,,
Nesher Ramla,4447,4447,5,,,Limestone,Pebble,complete,78.55,63.96,58.12,428,no,,,,no,Manuport,,
Nesher Ramla,5911,5911,5,,,Limestone,Pebble,complete,78.24,67.5,57.61,436,no,,,,no,Manuport,,
Nesher Ramla,4392,4392,5,,,Limestone,Pebble,complete,70.9,46.72,40.78,184,no,,,,no,Manuport,,
Nesher Ramla,6109,6109,5,37,,Limestone,Pebble,complete,68.8,52.54,37.52,212,yes,tip,pecking,1,no,Hammerstone,,
Nesher Ramla,4309,4309-1,5,,,Limestone,Pebble,complete,0,0,0,0,yes,tip,pecking,1,no,Hammerstone,,
Nesher Ramla,4309,4309-2,5,,,Limestone,Pebble,complete,0,0,0,0,no,,,,no,Manuport,,
Nesher Ramla,8119,8119,5,59,,Limestone,Pebble,complete,66.07,60.39,44.91,275,no,,,,no,Manuport,,
Nesher Ramla,11,11,5,37,,Limestone,Pebble,small_breakage,81.14,67.84,47.67,337,no,,,,no,Manuport,,
Nesher Ramla,351,351,5,37,,Limestone,Pebble,small_breakage,87.19,74.03,54.88,465,yes,tip,pecking,1,no,Hammerstone,,
Nesher Ramla,1192,1192,5,37,,Limestone,Pebble,broken,76.09,44.33,44.38,226,no,,,,no,Manuport,,
Nesher Ramla,4801,4801,5,46,,Limestone,block,complete,0,0,0,0,no,,,,no,Manuport,,
Nesher Ramla,5071,5071,5,53,,Limestone,Pebble,complete,82.83,60.78,48.9,318,no,,,,no,Manuport,,
Nesher Ramla,5560,5560,5,47,,Limestone,Pebble,complete,66.75,61.46,47.11,,no,,,,no,Manuport,,
Nesher Ramla,1683,1683,5,37,,Limestone,Pebble,complete,94.37,61.93,40.37,364,no,,,,no,Manuport,,
Nesher Ramla,4391,4391,5,,,Limestone,Pebble,small_breakage,0,0,0,0,yes,tip,pecking,1,no,Hammerstone,,Burned?
Nesher Ramla,4461,4461,5,,,Limestone,Pebble,complete,57.03,50.38,28.12,119,no,,,,no,Manuport,,
Nesher Ramla,4263,4263,5,,,Limestone,Pebble,complete,0,0,0,0,yes,central,pecking,1,no,Hammerstone,,
Tinshemet,1,1,87.14,FC,A018,Limestone,Pebble,complete,75.07,66.18,54.36,354,no,,,,no,Manuport,,top soil
Tinshemet,2,2,top soil,RS,AK19/B,Limestone,Pebble,broken,67.29,48.62,35.6,116,no,,,,no,Manuport,,
Tinshemet,3,3,top soil,FC,AO19,Limestone,Pebble,broken,81.35,60.67,38.24,248,no,,,,no,Manuport,,
Tinshemet,4,4,top soil,FC,AO19,Limestone,Pebble,broken,52.15,32.39,39.05,85,no,,,,no,Manuport,,
Tinshemet,271,271,?,TRR,AE23a,Limestone,block,broken,153.06,77.93,54.36,893,no,,,,yes,Natural,,ochre?
Tinshemet,322,322,87.83,RS,AL20,Limestone,Pebble,complete,50.03,48.36,37.8,121,yes,tip,mix,2,yes,Abrader,,Ochre
Nesher Ramla,6074,6074,5,37,,Limestone,Pebble,complete,72.07,64.67,61.17,500,no,,,,no,Manuport,,
Nesher Ramla,7016,7016,5,54,,Limestone,Pebble,complete,62.78,46.04,38.06,153,no,,,,no,Manuport,,
Nesher Ramla,5519,5519,5,47,,Limestone,Pebble,complete,79.97,74.13,45.04,148,no,,,,no,Manuport,,
Nesher Ramla,8036,8036,5,45,,Limestone,Pebble,broken,85.28,78.62,63.74,526,no,,,,no,Manuport,,
Nesher Ramla,6355,6355,5,56,,Limestone,Pebble,broken,70.79,33.63,57.2,184,yes,tip,pecking,1,no,Hammerstone,,
Nesher Ramla,8483,8483,5,37,,Limestone,Pebble,complete,72.03,66.97,53.02,354,no,,,,no,Manuport,,
Nesher Ramla,6404,6404,5,,,Limestone,Pebble,complete,72.96,52.6,43.84,237,yes,central,polish,1,no,Abrader,,
Nesher Ramla,8030,8030,5,45,,Limestone,Pebble,complete,61.4,53.05,49.66,232,yes,tip,polish,1,no,Undefined,,
Nesher Ramla,5584,5584,5,45,,Limestone,Pebble,complete,81.52,60.63,49.28,342,no,,,,no,Manuport,,
Nesher Ramla,5984,5984,5,,,Limestone,Pebble,complete,76.93,60.8,57.62,442,no,,,,no,Manuport,,
Nesher Ramla,8273,8273,5,,,Limestone,Pebble,complete,58.31,52.71,42.83,197,yes,tip,pecking,1,no,Hammerstone,,
Nesher Ramla,346,346,5,37,P20,Limestone,Pebble,complete,68.52,66.43,51.02,292,yes,tip,pecking,1,no,Hammerstone,,
Nesher Ramla,8044,8044,5,45,,Limestone,Pebble,complete,64.02,48.68,37.41,158,no,,,,no,Manuport,,
Nesher Ramla,8681,8681,5,64,,Limestone,Pebble,broken,46.6,33.25,24.28,68,no,,,,no,Manuport,,
Nesher Ramla,6954,6954,5,57,,Limestone,Pebble,broken,81.22,50.67,24.4,158,no,,,,no,Manuport,,
Nesher Ramla,7195,7195,5,54,,Limestone,Pebble,complete,73.82,62.09,46.12,325,no,,,,no,Manuport,,
Nesher Ramla,5501,5501,5,47,,Limestone,Pebble,complete,57.84,52.68,41.15,174,no,,,,no,Manuport,,
Nesher Ramla,296,296,5,37,O21,Limestone,block,broken,121.64,80.1,50.24,710,yes,tip,pecking,1,no,Chopper,,
Nesher Ramla,1667,1667,5,37,,Limestone,Pebble,small_breakage,60.5,49.47,35.05,154,yes,tip,pecking,1,no,Hammerstone,,
Nesher Ramla,7014,7014,5,54,,Limestone,Pebble,complete,90.27,66.05,48.95,412,no,,,,no,Manuport,,
Nesher Ramla,8064,8064,5,59,,Limestone,Pebble,broken,69.12,60.1,31.05,177,yes,central,pecking,1,no,Anvil,,
Nesher Ramla,8064,8064-1,5,59,,Limestone,Pebble,complete,78.14,68.03,36.45,264,yes,tip,pecking,1,no,Hammerstone,,
Nesher Ramla,8064,8064-2,5,59,,Limestone,Pebble,complete,56.84,47.96,31.21,105,no,,,,no,Manuport,,
Nesher Ramla,8064,8064-3,5,59,,Limestone,Pebble,complete,66.77,50.14,50.95,243,no,,,,no,Manuport,,
Nesher Ramla,4736,4736,5,46,,Limestone,Pebble,complete,61.96,60.91,46.3,245,no,,,,no,Manuport,,
Nesher Ramla,4736,4736-3,5,46,,Limestone,Pebble,small_breakage,60.71,57.33,45.35,205,yes,tip,pecking,1,no,Hammerstone,,
Nesher Ramla,383,383,5,37,Q19,Limestone,Pebble,broken,115.84,88.8,74.73,826,no,,,,no,Manuport,,
Nesher Ramla,4836,4836-1,5,54,,Limestone,Pebble,complete,102.18,78.39,60.95,661,no,,,,no,Manuport,,
Nesher Ramla,4836,4836,5,54,,Limestone,block,broken,0,0,0,0,no,,,,no,Natural,,
Nesher Ramla,4873,4873-4,5,45,,Limestone,Pebble,broken,113.31,70.5,77.21,629,no,,,,no,Manuport,,
Nesher Ramla,4873,4873-3,5,45,,Limestone,block,complete,0,0,0,0,no,,,,no,Natural,,
Nesher Ramla,4873,4873-2,5,45,,Limestone,Pebble,complete,76.55,50.14,33.59,170,no,,,,no,Manuport,,
Nesher Ramla,4873,4873-1,5,45,,Limestone,Pebble,complete,89.12,62.35,49.56,375,no,,,,yes,Undefined,,ochre?
Nesher Ramla,4873,4873,5,45,,Limestone,Pebble,broken,58.38,49.23,36.33,179,no,,,,no,Manuport,,
Nesher Ramla,5876,5876,5,,,Limestone,block,complete,59.21,51.5,34.14,116,no,,,,yes,Natural,,ochre?
Nesher Ramla,5876,5876-1,5,,,Limestone,Pebble,complete,73.03,63.5,57.2,384,no,,,,no,Manuport,,
Nesher Ramla,4354,4354,5,,,Limestone,Pebble,complete,44.81,44.77,34.57,91,no,,,,no,Manuport,,
Nesher Ramla,806,806,5,37,,Limestone,Pebble,complete,72.03,60.22,41.93,299,no,,,,no,Manuport,,
Nesher Ramla,8546,8546,5,58B,,Limestone,Pebble,complete,103.41,59.5,35.86,289,yes,central,polish,1,no,Abrader,,
Nesher Ramla,4801,4801,5,46,,Limestone,Pebble,broken,90.99,48.56,42.23,228,no,,,,no,Manuport,,
Nesher Ramla,4450,4450,5,37,,Limestone,Pebble,complete,52.04,43.07,29.98,98,no,,,,no,Manuport,,
Nesher Ramla,8088,8088-1,5,46,,Limestone,Pebble,complete,79.47,66.87,45.31,333,no,,,,no,Manuport,,
Nesher Ramla,8088,8088,5,46,,Limestone,block,broken,0,0,0,0,no,,,,no,Natural,,
Nesher Ramla,6955,6955,5,,,Limestone,Pebble,complete,66.55,59.26,36.68,215,yes,tip,pecking,1,no,Hammerstone,,
Nesher Ramla,6100,6100,5,37,,Limestone,Pebble,small_breakage,0,0,0,0,yes,both,mix,2,no,Undefined,,
Nesher Ramla,5100,5100,5,,,Limestone,Pebble,complete,56.94,42.91,36.07,115,yes,tip,pecking,1,no,Hammerstone,,
Nesher Ramla,175,175,5,37A,,Limestone,Pebble,complete,85.69,60.57,37.11,284,no,,,,no,Manuport,,
Nesher Ramla,5910,5910,5,,,Limestone,Pebble,complete,74.73,57.82,50.51,319,no,,,,no,Manuport,,
Nesher Ramla,4327,4327,5,,,Limestone,Pebble,complete,62.49,57.12,42.89,218,no,,,,no,Manuport,,
Nesher Ramla,1719,1719,5,37,,Limestone,Pebble,complete,82.92,64.4,53.1,449,yes,tip,pecking,1,no,Hammerstone,,
Nesher Ramla,1885,1885,5,37,,Limestone,Pebble,complete,77.17,53.21,45.3,230,no,,,,no,Manuport,,
Nesher Ramla,1512,1512,5,37,,Limestone,Pebble,complete,73.23,57.3,41.59,235,yes,tip,polish,1,no,Undefined,,
Nesher Ramla,5701,5701-1,5,53,,Limestone,block,complete,0,0,0,0,no,,,,no,Natural,,
Nesher Ramla,5701,5701-3,5,53,,Limestone,Pebble,complete,61.81,44.76,39.73,168,yes,tip,mix,1,no,Hammerstone,,
Nesher Ramla,111,111,5,37A,,Limestone,Pebble,complete,53.01,49.86,42.02,162,no,,,,no,Manuport,,
Nesher Ramla,7689,7689,5,54,,Limestone,Pebble,complete,78.97,65.46,40.42,276,no,,,,no,Manuport,,
Nesher Ramla,5701,5701-2,5,53,,Limestone,Pebble,complete,65.02,63.74,58.51,370,no,,,,no,Manuport,,
Nesher Ramla,5911,5911,5,,,Limestone,Pebble,broken,78.06,60.75,53.56,448,yes,tip,pecking,1,no,Chopper,,
Nesher Ramla,157,157,5,37A,,Limestone,Pebble,complete,60,53.06,39.74,156,yes,tip,polish,1,no,Undefined,,
Nesher Ramla,5904,5904-1,5,,,Limestone,Pebble,small_breakage,77.96,68.74,56.04,408,yes,tip,pecking,1,no,Hammerstone,,
Nesher Ramla,5904,5904,5,,,Limestone,Pebble,complete,74.59,72.86,38.25,286,yes,tip,polish,1,no,Undefined,,
Nesher Ramla,1306,1306,5,37,,Limestone,Pebble,complete,56.24,47.53,34.88,147,no,,,,no,Manuport,,
Nesher Ramla,345,345,5,37,P20,Limestone,Pebble,broken,86.68,67.03,45.58,454,yes,tip,pecking,1,no,Hammerstone,,
Nesher Ramla,16,16,5,37,L19,Limestone,Pebble,complete,79.54,61.55,51.91,370,no,,,,no,Manuport,,
Nesher Ramla,1446,1446,5,37,,Limestone,Pebble,complete,53.17,34.41,33.57,83,no,,,,no,Manuport,,
Nesher Ramla,261,261,5,37,O20,Limestone,Pebble,complete,87.32,70.02,60.34,470,yes,tip,pecking,1,no,Hammerstone,,
Nesher Ramla,162,162,5,37,M21,Limestone,Pebble,broken,83.31,72.13,70.31,700,no,,,,no,Manuport,,
Nesher Ramla,8546,8546-1,5,58B,,Limestone,block,broken,0,0,0,0,no,,,,no,Natural,,
Nesher Ramla,5701,5701,5,53,,Limestone,block,broken,86.13,48.24,36.16,168,yes,tip,pecking,1,no,Chopper,,
Nesher Ramla,235,235,5,37,N21,Limestone,Pebble,complete,72.8,63.49,45.88,375,yes,tip,pecking,1,no,Hammerstone,,
Nesher Ramla,1502,1502,5,37,,Limestone,Pebble,complete,92.45,64.61,49.22,430,yes,tip,pecking,1,no,Hammerstone,,
Nesher Ramla,1681,1681,5,37,,Flint,Pebble,complete,78.81,61.62,49.45,329,no,,,,no,Manuport,,
Nesher Ramla,4375,4375,5,,,Flint,Pebble,broken,0,0,0,0,no,,,,no,Manuport,,
Nesher Ramla,156,156,5,37,M21,Limestone,Pebble,complete,77.96,66.72,47.6,287,no,,,,no,Manuport,,
Nesher Ramla,4736,4736-2,5,46,,Limestone,block,complete,0,0,0,0,no,,,,no,Natural,,
Nesher Ramla,4736,4736-1,5,46,,Limestone,block,broken,110.63,84.98,35.66,516,no,,,,no,Undefined,,concavity anthropic??
Nesher Ramla,74,74,5,37A,,Limestone,Pebble,broken,80.78,71.39,28.56,240,no,,,,no,Manuport,,
Nesher Ramla,6292,6292-1,5,,,Limestone,Pebble,broken,59.94,48.86,29.05,134,no,,,,no,Undefined,,
Nesher Ramla,8692,8692,5,,,Limestone,Pebble,complete,43.41,39.23,37.16,109,no,,,,no,Manuport,,
Tinshemet,bn-424,i371,pt540,,AM18d,Limestone,boulder,complete,163.06,136.34,67.44,2541,yes,central,pecking,1,yes,Anvil,,no wash-need resid samp!
Tinshemet,,I368,pt534,FC,AM18,Limestone,boulder,broken,257.66,174.56,102.85,5000,yes,central,pecking,1,yes,Anvil,,no wash-need resid samp!
Tinshemet,,i346,pt508,FC,AM18d,Limestone,Pebble,broken,120.39,101.65,57.63,767,yes,tip,pecking,1,no,Undefined,,no wash-need resid samp!
Tinshemet,i307,i307,pt445,RS,AL19b,Limestone,Pebble,complete,121.56,101.63,70.37,1408,yes,central,striations,1,no,Anvil,,depresion-no wsh-ned rsid samp
Tinshemet,t401,,,trr,AE23,Limestone,block,broken,0,0,0,0,no,,,,no,Natural,,
Tinshemet,t413,i363,pt526,FC,AM18b,Limestone,block,broken,144,97.29,59.27,1364,yes,central,pecking,1,no,Anvil,,no wash-need resid samp!
Tinshemet,t378,i299,pt427,trr,AF24b,Limestone,Pebble,complete,109,94.36,56.32,710,no,,,,no,Manuport,,no wash-need resid samp!
Tinshemet,t312,i219,pt474,trr,AL25a,Limestone,Pebble,complete,115.36,93.38,50.46,640,yes,tip,pecking,1,no,Hammerstone,,no wash-need resid samp!
Tinshemet,t340,i227,pt287,trr,AH24,Basalt,Pebble,broken,83.88,80.46,30.67,250,yes,central,mix,1,yes,Abrader,,no wash-need resid samp!-medidas e peso aprox-fragmentado
Tinshemet,t372,i281,z86.93,trr,AE23,Basalt,Pebble,complete,108.37,70.73,40.32,392,yes,central,mix,1,yes,Abrader,,no wash-need resid samp!
Nesher Ramla,1186,1186,5,37,,Limestone,Pebble,complete,89.35,63.43,63.11,556,no,,,,no,Manuport,,
Nesher Ramla,1663,1663,5,37,,Limestone,Pebble,complete,75.05,54.66,42.88,247,yes,tip,pecking,1,no,Hammerstone,,
Nesher Ramla,7968,7968,5,45,,Limestone,Pebble,broken,63.86,48.33,40.28,168,yes,tip,pecking,1,no,Hammerstone,,
Nesher Ramla,1198,1198,5,37,,Limestone,block,broken,0,0,0,0,no,,,,no,Natural,,
Nesher Ramla,6888,6888,5,,,Limestone,Pebble,complete,65.78,51.53,39.04,205,yes,tip,pecking,1,no,Hammerstone,,
Nesher Ramla,7275,7275,5,58,,Limestone,Pebble,complete,77.84,65.29,46.95,301,no,,,,no,Manuport,,
Nesher Ramla,6759,6759,5,,,Limestone,Pebble,complete,66.96,52.82,39.83,200,yes,tip,polish,1,no,Abrader,,
Nesher Ramla,362,362,5,37,P19,Limestone,block,broken,155.03,89.32,74.13,1693,yes,central,pecking,1,no,Anvil,,
Nesher Ramla,7006,7006-1,5,,,Limestone,Pebble,complete,71.98,59.1,45.72,319,no,,,,no,Manuport,,
Nesher Ramla,7006,7006,5,54,,Limestone,Pebble,broken,81.14,64.32,53.21,386,yes,tip,pecking,1,no,Hammerstone,,
Nesher Ramla,6292,6292,5,,,Limestone,Pebble,complete,78.83,67.08,56.16,433,yes,tip,pecking,1,no,Hammerstone,,
Nesher Ramla,8124,8124,5,45,,Limestone,Pebble,small_breakage,87.15,74.83,47.49,402,no,,,,no,Manuport,,
Nesher Ramla,5551,5551,5,,,Limestone,Pebble,broken,86.56,80.51,46.77,479,no,,,,no,Manuport,,
Nesher Ramla,7705,7705,5,,,Limestone,Pebble,complete,53.92,46.7,38.94,141,no,,,,no,Manuport,,
Nesher Ramla,8714,8714,5,45b,,Limestone,block,broken,128.59,100.7,48.96,702,no,,,,no,Natural,,
Nesher Ramla,8714,8714,5,45b,,Limestone,Pebble,small_breakage,88.24,70.19,47.24,377,yes,tip,pecking,2,no,Hammerstone,,
Nesher Ramla,132,132,5,37A,,Limestone,Pebble,broken,72.75,39.86,35.34,121,yes,tip,pecking,1,no,Hammerstone,,
Nesher Ramla,8675,8675,5,45A,,Limestone,block,broken,135.23,109.92,52.68,1109,yes,central,pecking,1,no,Anvil,,
Nesher Ramla,4849,4849-1,5,46,,Limestone,block,broken,126.96,65.58,34.89,273,no,,,,no,Natural,,
Nesher Ramla,4849,4849,5,46,,Flint,block,broken,85.25,56.4,47.14,287,no,,,,no,Manuport,,
Fara II,,5,UF,,L6-d,Flint,Pebble,small_breakage,65.84,34.94,23.3,73,yes,tip,pecking,1,no,Chopper,,
Fara II,,,,,M13-d,Limestone,Pebble,small_breakage,92.81,72.03,67.19,585,yes,tip,pecking,2,no,Hammerstone,,
Fara II,,83,,,R14-c,Limestone,Pebble,complete,106.17,55.9,52.45,485,yes,both,mix,3,yes,Pebble Pestle,,ochre?-hamer or pestle like?
Fara II,,16,LF,,M10-b,Limestone,Pebble,broken,87.79,56.82,16.94,106,yes,tip,pecking,1,no,Undefined,,Flake?
Fara II,,21,LF,,N15-c,Limestone,Pebble,complete,72.05,52.68,38.39,198,yes,tip,pecking,1,no,Hammerstone,,
Fara II,,72,,,?-15,Limestone,Pebble,complete,79.25,44.4,15.88,87,yes,tip,mix,3,no,Hammerstone,,retucher?
Fara II,,16,,,M12-d,Other,block,broken,113.93,85.14,28.35,368,yes,central,pecking,1,no,Anvil,,
Fara II,,23,,,O12-a,Limestone,Pebble,complete,58.67,35.75,21.42,62,yes,tip,pecking,2,no,Hammerstone,,
Fara II,,89,LF,,M15-d,Limestone,Pebble,complete,110.54,62.05,43.54,300,no,,,,no,Manuport,,
Fara II,,,LF,,M5-b,Flint,Pebble,complete,0,0,0,0,no,,,,no,Manuport,,
Fara II,,4,,,L12,Limestone,block,broken,127.69,73.32,33.35,365,yes,central,pecking,1,no,Anvil,,??
Fara II,,16,LF,,M8-d,Limestone,block,broken,38.23,42.02,20.01,46,no,,,,no,Manuport,,small
Fara II,,33,LF,,P13-c,Limestone,block,broken,40.5,33.45,24.55,44,no,,,,no,Manuport,,
Fara II,,20,LF,,O9-a,Limestone,block,broken,68.94,58.26,29.6,148,no,,,,no,Manuport,,burned
Fara II,,35,LF,,L11-d,Limestone,Pebble,broken,82.25,65.56,31.47,220,yes,central,pecking,1,no,Hammerstone,,??
Fara II,,85,LF,,L13-c,Limestone,Pebble,broken,0,0,0,0,yes,central,pecking,1,no,Hammerstone,,
Fara II,,40,LF,,M6,Limestone,Pebble,broken,82.23,77.66,48.23,323,yes,tip,pecking,1,no,Chopper,,???
Fara II,,42,LF,,L12 and more,Limestone,Pebble,broken,95.38,76.93,52.78,402,yes,both,pecking,3,no,Hammerstone,,Several artifacts-refiting
Fara II,,37,LF,,M2-d,Limestone,Pebble,broken,68.29,50.2,31.39,134,yes,central,pecking,1,no,Hammerstone,,
Fara II,,85,LF,,M11-d,Limestone,Pebble,broken,79.15,74.94,57.42,624,yes,central,pecking,1,no,Anvil,,Anvil broken???
Fara II,,,,,,Limestone,Pebble,broken,0,0,0,0,yes,tip,pecking,2,no,Hammerstone,,
Fara II,,84,LF,,M11-b,Limestone,Pebble,small_breakage,66.81,57.27,37.34,220,yes,both,pecking,3,no,Hammerstone,,
Fara II,,37,,,M15,Limestone,block,broken,0,0,0,0,no,,,,no,Manuport,,
Nesher Ramla,7945,7945,5,45,,Limestone,Pebble,complete,45.82,39.37,28.54,70,no,,,,no,Manuport,,
Nesher Ramla,7945,7945-1,5,45,,Limestone,Pebble,broken,50.24,34.13,21.34,42,no,,,,no,Manuport,,
Nesher Ramla,8709,8709-1,5,45,,Limestone,Pebble,complete,60.56,52.16,41.01,173,no,,,,no,Manuport,,
Nesher Ramla,8709,8709,5,45,,Limestone,block,broken,0,0,0,0,no,,,,no,Natural,,
Nesher Ramla,6294,9694,5,54,,Limestone,Pebble,complete,75.33,52.31,39.34,211,no,,,,no,Manuport,,
Nesher Ramla,6294,6294-1,5,54,,Limestone,Pebble,complete,77.41,73.51,50.92,418,no,,,,no,Manuport,,
Nesher Ramla,5570,5570-1,5,47,,Limestone,Pebble,broken,86.49,62.37,62.65,541,yes,tip,pecking,1,no,Hammerstone,,
Nesher Ramla,8150,8150-1,5,,,Limestone,Pebble,broken,78.16,48.98,21.63,106,no,,,,no,Manuport,,
Nesher Ramla,8150,8150,5,,,Limestone,Pebble,broken,60.81,54.56,35.09,172,yes,tip,pecking,1,no,Hammerstone,,
Nesher Ramla,7909,7909-1,5,46,,Limestone,Pebble,broken,70.8,54.84,26.81,139,no,,,,no,Manuport,,
Nesher Ramla,7909,7909-2,5,46,,Limestone,block,broken,53.1,43.37,36.91,121,no,,,,no,Manuport,,
Nesher Ramla,7909,7909,5,46,,Limestone,block,complete,75.09,41.95,25.69,90,no,,,,no,Manuport,,
Nesher Ramla,8481,8481,5,37,,Limestone,Pebble,complete,59.59,41.73,37.85,135,no,,,,no,Manuport,,
Nesher Ramla,8481,8481-2,5,,,Limestone,Pebble,broken,69.37,52.88,48.11,230,no,,,,no,Manuport,,
Nesher Ramla,8481,8481-1,5,37,,Limestone,Pebble,complete,59.37,47.45,34.67,127,no,,,,no,Manuport,,
Nesher Ramla,5506,5506,5,47,,Limestone,Pebble,broken,101.97,65.01,29.3,363,yes,central,mix,1,no,Anvil,,broken anvil???
Nesher Ramla,5506,5506-1,5,47,,Limestone,block,broken,66.94,58.39,35.6,206,yes,central,polish,1,no,Undefined,,??? wierd texture 
Nesher Ramla,6955,6955-1,5,58,,Limestone,Pebble,complete,80.25,56.77,38.21,238,no,,,,no,Manuport,,
Nesher Ramla,6955,6955,5,58,,Limestone,block,broken,0,0,0,0,no,,,,no,Natural,,
Nesher Ramla,8716,8716-2,5,45A,,Limestone,block,broken,128.97,114.92,49.3,1031,yes,central,pecking,1,no,Anvil,,??
Nesher Ramla,8504,8504,5,37,,Limestone,Pebble,complete,52.88,38.22,28.29,68,no,,,,no,Manuport,,
Nesher Ramla,8504,8504-1,5,37,,Limestone,Pebble,broken,71.37,46.97,39.27,177,no,,,,no,Manuport,,
Nesher Ramla,5946,5946-1,5,,,Limestone,Pebble,broken,65.13,56.46,34.4,173,no,,,,no,Manuport,,
Nesher Ramla,5946,5946-2,5,,,Limestone,Pebble,broken,71.07,46.96,21.27,82,no,,,,no,Manuport,,
Nesher Ramla,5946,5946,5,,,Limestone,Pebble,complete,87.56,66.25,44.55,370,yes,tip,polish,1,no,Undefined,,polish??
Nesher Ramla,1674,1674,5,37,,Limestone,Pebble,complete,93.88,65.05,39.74,297,yes,tip,pecking,1,no,Hammerstone,,
Nesher Ramla,141,141,5,37A,,Limestone,Pebble,complete,73.52,70.02,57.53,341,yes,tip,pecking,1,no,Hammerstone,,
Nesher Ramla,6079,6079,5,37,,Limestone,Pebble,broken,73.54,68.25,59.14,454,yes,central,pecking,2,no,Anvil,,refit with id-45
Nesher Ramla,145,145,5,37,M20,Limestone,Pebble,broken,133.52,111.1,70.66,1648,yes,central,pecking,2,no,Anvil,,refit with id-6079
Nesher Ramla,108,108,5,37,L20,Limestone,block,broken,131.29,102.97,35.2,621,yes,central,pecking,1,no,Anvil,,
Nesher Ramla,12,12,5,37,L19,Limestone,Pebble,complete,88.98,68.77,43.75,410,yes,tip,pecking,1,no,Hammerstone,,
Nesher Ramla,742,742,5,37,,Limestone,Pebble,broken,78.08,42.57,44.84,219,no,,,,no,Manuport,,
Nesher Ramla,1392,1392,5,37,,Limestone,Pebble,complete,66.52,55.18,46.31,139,no,,,,no,Manuport,,
Nesher Ramla,115,115,5,37,L20,Limestone,block,broken,143.9,107.72,42.74,887,yes,tip,pecking,1,no,Chopper,,
Nesher Ramla,1173,1173,5,37,,Limestone,Pebble,complete,78.39,69.74,37.98,320,yes,tip,pecking,1,no,Hammerstone,,
Nesher Ramla,232,232,5,37,N21,Limestone,Pebble,complete,67.18,57.51,39.54,219,yes,tip,pecking,1,no,Hammerstone,,
Nesher Ramla,999,999,5,37,,Limestone,Pebble,complete,86.26,72.02,58.31,486,yes,tip,pecking,1,no,Hammerstone,,
Nesher Ramla,1169,1169,5,37,,Limestone,Pebble,complete,67.38,44.33,34.75,153,no,,,,no,Manuport,,
Nesher Ramla,146,146,5,37,M20,Limestone,Pebble,small_breakage,62.21,54.78,50.23,222,yes,tip,pecking,1,no,Chopper,,
Nesher Ramla,942,942,5,37,,Limestone,block,broken,144.32,106.45,28.16,585,no,,,,no,Natural,,
Nesher Ramla,8047,8047,5,45,,Limestone,Pebble,complete,61.18,57.26,42.69,215,no,,,,no,Manuport,,
Nesher Ramla,107,107,5,37A,,Limestone,Pebble,complete,81.41,63.53,43.43,363,no,,,,no,Manuport,,
Nesher Ramla,204,204,5,37,M21,Limestone,Pebble,broken,66.67,61.57,47.83,290,no,,,,no,Manuport,,
Nesher Ramla,6041,6041,5,37,,Limestone,Pebble,broken,72.22,49.27,36.01,164,no,,,,no,Manuport,,
Nesher Ramla,854,854,5,37,,Limestone,block,broken,183.61,110.32,44.37,1363,no,,,,no,Natural,,
Nesher Ramla,95,95,5,37,L20,Limestone,Pebble,broken,106.04,48.5,41.75,301,yes,tip,pecking,1,no,Hammerstone,,??
Nesher Ramla,647,647,5,37,,Limestone,Pebble,broken,75.23,51.37,28.5,136,no,,,,no,Manuport,,
Nesher Ramla,271,271,5,37,O21,Limestone,block,broken,0,0,0,0,no,,,,no,Natural,,
Nesher Ramla,349,349,5,37,P20,Limestone,Pebble,complete,90.3,66.47,54.65,409,yes,tip,polish,1,no,Undefined,,
Nesher Ramla,6383,6383,5,,,Limestone,Pebble,complete,76.55,59.69,42.37,249,no,,,,,Manuport,,
Nesher Ramla,1017,1017,5,37,,Limestone,Pebble,broken,54.77,62.82,38.34,218,no,,,,no,Manuport,,
Nesher Ramla,149,149,5,37,M21,Limestone,block,broken,100.8,70.81,59.39,737,yes,central,pecking,1,no,Anvil,,
Nesher Ramla,6338,6338,5,,,Limestone,Pebble,complete,72.59,58.21,41.89,257,no,,,,no,Manuport,,
Nesher Ramla,7711,7711-5,5,45B,,Limestone,Pebble,complete,84.47,69.44,50.76,418,yes,tip,pecking,1,no,Hammerstone,,
Nesher Ramla,7711,7711-4,5,45B,,Limestone,Pebble,complete,43.11,38.4,31.71,79,no,,,,no,Manuport,,
Nesher Ramla,7711,7711-3,5,45B,,Limestone,Pebble,complete,55.07,41.38,27.56,76,no,,,,no,Manuport,,
Nesher Ramla,7711,7711-1,5,45B,,Limestone,Pebble,broken,0,0,0,0,yes,tip,pecking,1,no,Hammerstone,,
Nesher Ramla,8711,8711,5,45B,,Limestone,Pebble,complete,54.42,43.14,21.87,63,yes,tip,pecking,1,no,Hammerstone,,hummerstone flake?
Nesher Ramla,8096,8096-1,5,45,,Limestone,Pebble,broken,60.42,35.97,25.06,85,yes,tip,pecking,1,no,Hammerstone,,
Nesher Ramla,8096,8096,5,45,,Limestone,Pebble,complete,93.18,71.82,49.05,495,no,,,,no,Manuport,,
Nesher Ramla,8082,8082,5,45,,Limestone,Pebble,complete,72.16,52.38,41.27,211,yes,tip,pecking,1,no,Hammerstone,,
Nesher Ramla,8082,8082-1,5,45,,Limestone,block,broken,0,0,0,0,no,,,,no,Natural,,
Ein Quashish,S1314,S1314,plot-22.23,I-J-43,,Limestone,block,broken,306.03,207.79,67.81,6172,yes,,pecking,2,no,Anvil,,2 pieces refit-anvil?????Samp for resid
Ein Quashish,M49,M49,plot-22.43,F,,Limestone,block,broken,153.52,132.48,40.46,1280,no,,,,no,Anvil,,?????Samp for resid
Ein Quashish,2340,2340,plot-22.32,G43,,Limestone,block,broken,204.88,149.69,73.37,35.08,yes,central,mix,1,no,Anvil,,Samp for resid
Ein Quashish,S6106,S6106,plot-21.81,O50,,Limestone,block,broken,153.42,90.96,71.8,1840,yes,tip,pecking,1,no,Chopper,,???????? Samp for resid
Ein Quashish,S1573,S1573,plot-22.20,I42,,Limestone,block,broken,143.77,123.28,49.21,1599,yes,tip,pecking,1,no,Anvil,,Broken Anvil???-samp for resid
Ein Quashish,F6047,F6047,,F,O49,Limestone,block,broken,112.16,96.9,80.31,1244,yes,tip,pecking,4,no,Hammerstone,,many impact marks-samp for resis
Ein Quashish,S6143,S6143,plot-21.67,F,N49,Limestone,block,complete,113.49,79.29,76.38,803,no,,,,no,Manuport,,??
Ein Quashish,S1875,S1875,plot-22.05,B,K41,Limestone,block,broken,189.37,143.1,77.54,2484,yes,central,pecking,1,no,Anvil,,???????-Samp for resid
Nesher Ramla,1571,1571,5,37,,Limestone,Pebble,complete,58.67,34.68,34.25,101,no,,,,no,Manuport,,
Nesher Ramla,7307,7307,5,58,,Limestone,Pebble,complete,85.22,56.22,53.19,226,no,,,,no,Manuport,,
Nesher Ramla,5584,5584,5,45,,Limestone,Pebble,small_breakage,55.08,46.57,37.52,133,no,,,,no,Manuport,,
Nesher Ramla,924,924,5,37,,Limestone,Pebble,complete,68.07,66.21,38.04,244,yes,tip,pecking,1,no,Hammerstone,,??
Nesher Ramla,307,307,5,37,O21,Limestone,Pebble,complete,0,0,0,0,yes,tip,pecking,1,no,Hammerstone,,
Nesher Ramla,8,8,5,37,L19,Limestone,block,broken,140.72,69.42,55.16,951,yes,tip,pecking,1,no,Chopper,,????????
Nesher Ramla,367,1,5,37,P19,Limestone,Pebble,complete,63.33,56.15,47.73,220,yes,tip,pecking,1,no,Hammerstone,,
Nesher Ramla,8109,8109,5,45,,Limestone,Pebble,complete,82.46,69.55,47.82,351,no,,,,no,Manuport,,
Nesher Ramla,8741,8741-1,5,,,Limestone,Pebble,complete,68.45,68.37,38.07,262,no,,,,no,Manuport,,
Nesher Ramla,8741,8741-2,5,,,Limestone,block,broken,118.43,83.72,57.01,745,no,,,,no,Natural,,
Nesher Ramla,8741,8741,5,,,Limestone,block,broken,141.5,117.81,58.8,1481,yes,tip,pecking,1,no,Anvil,,????????????
Nesher Ramla,8741,8741-5,5,,,Limestone,block,broken,125.81,96.43,51.33,603,no,,,,no,Natural,,
Nesher Ramla,8741,8741-4,5,,,Limestone,Pebble,complete,75.17,51.03,44.28,234,no,,,,no,Manuport,,
Nesher Ramla,8741,8741-3,5,,,Limestone,Pebble,broken,82.37,60.33,56.95,373,no,,,,no,Manuport,,
Nesher Ramla,8741,8741-2,5,,,Limestone,Pebble,complete,65.14,63.61,51.87,295,no,,,,no,Manuport,,
Nesher Ramla,8741,8741-1,5,,,Limestone,block,broken,127.15,70.94,37.69,488,no,,,,no,Natural,,
Nesher Ramla,8741,8741-6,5,,,Limestone,Pebble,complete,75.27,69.15,48.64,434,no,,,,no,Manuport,,
Nesher Ramla,8741,8741-7,5,,,Limestone,block,broken,73.84,71.82,48.99,335,yes,tip,pecking,2,no,Chopper,,????
Nesher Ramla,8741,8741,5,,,Limestone,block,broken,0,0,0,0,no,,,,no,Manuport,,
Nesher Ramla,84,84,5,37,,Limestone,Pebble,broken,5.93,39.36,34.63,134,no,,,,no,Manuport,,
Nesher Ramla,92,92,5,37A,,Limestone,Pebble,broken,74.57,47.92,29.6,166,no,,,,no,Manuport,,
Nesher Ramla,1666,1666,5,37,,Limestone,block,broken,119.09,87.17,26.05,497,no,,,,no,Natural,,
Nesher Ramla,233,233,5,37,N21,Limestone,Pebble,broken,57.86,32.54,31.6,98,no,,,,no,Manuport,,
Nesher Ramla,8727,8727,5,45B,,Limestone,Pebble,broken,55.35,42.53,14.89,46,no,,,,no,Manuport,,flake?
Nesher Ramla,8502,8502,5,37,,Limestone,Pebble,complete,63.02,59.91,44.41,253,yes,central,striations,1,no,Undefined,,
Nesher Ramla,8498,8498,5,37,,Limestone,Pebble,complete,70.89,52.23,42.73,227,yes,central,striations,1,no,Undefined,,????
Nesher Ramla,1584,1584,5,37,,Limestone,block,broken,62.31,53.21,43.9,173,yes,central,pecking,2,no,Undefined,,fragment of impact tool??
Nesher Ramla,1160,1160,5,37,,Limestone,Pebble,complete,76.75,63.09,46.98,322,yes,both,mix,2,yes,Undefined,,orange color resid?
Nesher Ramla,374,374,5,37,Q18,Limestone,block,broken,77.86,60.17,41.25,292,no,,,,no,Natural,,
Nesher Ramla,6898,6898,5,,,Limestone,Pebble,complete,80.33,55.4,54.06,394,yes,tip,pecking,1,no,Hammerstone,,
Nesher Ramla,8067,8067,5,46,,Limestone,Pebble,complete,66.61,64.84,49.18,302,yes,tip,pecking,1,no,Hammerstone,,
Nesher Ramla,4340,4340-1,5,,,Limestone,Pebble,complete,109.16,78.84,47.34,577,yes,central,polish,1,no,Abrader,,polish with direction
Nesher Ramla,8741,8741-1,5,,,Limestone,Pebble,complete,73.15,66.63,44.2,317,no,,,,no,Manuport,,
Nesher Ramla,8741,8741-2,5,,,Limestone,Pebble,complete,0,0,0,0,no,,,,no,Manuport,,
Nesher Ramla,8741,8741-4,5,,,Limestone,Pebble,complete,86.98,65.64,56.35,546,no,,,,no,Manuport,,
Nesher Ramla,8741,8741,5,,,Limestone,Pebble,small_breakage,66.17,49.54,45.04,256,yes,tip,pecking,1,no,Hammerstone,,in the center is recent impact
Nesher Ramla,8741,8741-3,5,,,Limestone,Pebble,complete,85.96,57.85,54.37,101,yes,central,polish,1,no,Undefined,,??
Nesher Ramla,8743,8743-1,5,,,Limestone,Pebble,broken,74.2,43.79,27.33,127,no,,,,no,Manuport,,
Nesher Ramla,8743,8743-2,5,,,Limestone,Pebble,complete,64.14,56.51,46.12,217,yes,tip,pecking,1,no,Hammerstone,,
Nesher Ramla,8743,8743-3,5,,,Limestone,Pebble,complete,78.96,63,51.83,351,yes,tip,polish,1,no,Abrader,,
Nesher Ramla,8743,8743-4,5,,,Limestone,block,broken,102.2,47.83,52.39,293,yes,central,pecking,1,no,Anvil,,anvil fragment??
Nesher Ramla,8743,8743,5,,,Limestone,Pebble,complete,69.42,56.56,48.89,296,yes,tip,pecking,1,no,Hammerstone,,
Nesher Ramla,8548,8548,5,58,,Limestone,Pebble,complete,40.1,37.58,24.77,66,no,,,,no,Manuport,,
Nesher Ramla,8548,8548-1,5,58,,Limestone,Pebble,complete,56.66,53.89,32.55,127,no,,,,no,Manuport,,
Nesher Ramla,8567,8567,5,58B,,Limestone,Pebble,complete,58.21,42.73,41.91,147,no,,,,no,Manuport,,
Nesher Ramla,746,746,5,37,,Limestone,Pebble,complete,79.08,63.89,42.5,307,no,,,,no,Manuport,,
Nesher Ramla,6945,6945,5,,,Limestone,Pebble,complete,44.99,34.5,28.58,68,no,,,,no,Manuport,,
Nesher Ramla,6945,6945-1,5,,,Limestone,Pebble,complete,70.7,52.88,36.43,206,no,,,,no,Manuport,,
Nesher Ramla,8109,8109,5,45,O15,Limestone,block,complete,89.22,73.25,54.89,470,no,,,,no,Natural,,
Nesher Ramla,8109,8109-1,5,45,O15,Limestone,Pebble,complete,84.31,65.03,43.64,330,no,,,,no,Manuport,,
Nesher Ramla,8292,8292,5,37,,Limestone,Pebble,complete,77.06,70.89,55.51,348,no,,,,no,Manuport,,
Nesher Ramla,1751,1751,5,37,,Limestone,Pebble,broken,83.79,81.34,45.32,365,yes,tip,pecking,1,no,Chopper,,
Nesher Ramla,8114,8114-1,5,45,,Limestone,Pebble,broken,78.62,57.75,31.43,158,no,,,,no,Manuport,,
Nesher Ramla,8114,8114,5,45,,Limestone,Pebble,complete,77.81,49.7,47.63,234,yes,tip,pecking,1,no,Hammerstone,,
Nesher Ramla,6661,6661,5,56,,Limestone,Pebble,complete,61.68,52.01,27.76,133,no,,,,no,Manuport,,
Nesher Ramla,6661,6661-1,5,56,,Limestone,block,broken,134.87,133.5,36.86,822,no,,,,no,Natural,,
Nesher Ramla,6661,6661-2,5,56,,Limestone,block,broken,94.83,85.52,48.03,672,no,,,,no,Natural,,
Nesher Ramla,8500,8500,5,37,,Limestone,Pebble,complete,92.12,73.42,58.35,581,yes,tip,polish,1,no,Abrader,,
Nesher Ramla,1159,1159,5,37,,Limestone,block,broken,115.41,104.45,43.41,742,yes,tip,pecking,1,no,Undefined,,
Nesher Ramla,8741,8741-4,5,,,Limestone,Pebble,small_breakage,66.77,57.7,46.75,220,yes,tip,pecking,1,no,Hammerstone,,
Nesher Ramla,8741,8741-2,5,,,Limestone,Pebble,broken,102.24,77.57,74.28,696,yes,tip,pecking,1,no,Chopper,,???
Nesher Ramla,8741,8741-3,5,,,Limestone,Pebble,complete,0,0,0,0,yes,tip,polish,1,no,Undefined,,??
Nesher Ramla,8741,8741-1,5,,,Limestone,Pebble,complete,45.75,40.1,24.33,69,no,,,,no,Manuport,,
Nesher Ramla,8741,8741,5,,,Limestone,Pebble,complete,59.15,39.21,38.05,171,no,,,,no,Manuport,,
Nesher Ramla,8741,8741-5,5,,,Limestone,Pebble,complete,88.16,68.83,40.26,315,yes,tip,pecking,1,yes,Pebble Pestle,,ochre???
Nesher Ramla,8522,8522,5,58,,Limestone,Pebble,broken,73.23,66.03,29.76,165,no,,,,no,Manuport,,
Nesher Ramla,816,816,5,37,,Limestone,block,complete,83.39,77.29,54.03,375,no,,,,no,Manuport,,
Nesher Ramla,1086,1086,5,37,,Limestone,Pebble,complete,56.74,52.62,30.32,111,yes,both,pecking,1,no,Hammerstone,,
Nesher Ramla,8087,8087,5,45,,Limestone,Pebble,complete,52.26,45.55,29.76,110,no,,,,no,Manuport,,
Nesher Ramla,8289,8289,5,37,,Limestone,Pebble,complete,56.35,40.84,25.2,94,no,,,,no,Manuport,,
Nesher Ramla,5621,5621,5,45,,Limestone,block,broken,,,,,no,,,,no,Natural,,
Nesher Ramla,5621,5621-1,5,45,,Limestone,block,broken,108.75,95.07,45.05,839,no,,,,no,Natural,,
Nesher Ramla,8478,8478,5,37,,Limestone,Pebble,broken,63.43,45.72,36.05,146,no,,,,no,Manuport,,
Nesher Ramla,8478,8478-1,5,37,,Limestone,Pebble,complete,62.69,43.01,40.66,138,no,,,,no,Manuport,,
Nesher Ramla,8038,8038-1,5,59,,Limestone,Pebble,broken,100.67,45.89,64.56,486,yes,central,pecking,1,no,Anvil,,broken anvil??
Nesher Ramla,8038,8038,5,59,,Limestone,Pebble,complete,52.1,43.36,35.13,98,no,,,,no,Manuport,,
Nesher Ramla,7716,7716-1,5,46,,Limestone,block,complete,103.08,100.36,61.81,668,no,,,,no,Natural,,
Nesher Ramla,7716,7716,5,46,,Limestone,Pebble,complete,71.49,61.12,54.62,416,no,,,,yes,Undefined,,black resid
Nesher Ramla,8291,8291,5,37,,Limestone,Pebble,complete,72.52,66.36,44.7,255,no,,,,no,Manuport,,
Nesher Ramla,8285,8285,5,37,,Limestone,Pebble,complete,82.45,53.77,45.52,280,no,,,,no,Manuport,,
Nesher Ramla,7226,7226,5,,,Limestone,Pebble,complete,51.94,46.15,38.99,156,no,,,,no,Manuport,,
Nesher Ramla,8039,8039-1,5,59,,Limestone,Pebble,complete,76.02,74.38,54.71,449,yes,tip,pecking,1,no,Hammerstone,,
Nesher Ramla,8038,8038,5,59,,Limestone,Pebble,complete,65.05,52.76,36.84,193,yes,tip,pecking,2,no,Hammerstone,,
Nesher Ramla,8741,8741,5,,,Limestone,Pebble,complete,68.83,62.28,47.51,290,no,,,,no,Manuport,,
Nesher Ramla,8741,8741-6,5,,,Limestone,Pebble,complete,66.43,42.47,28.66,127,no,,,,no,Manuport,,
Nesher Ramla,8741,8741-8,5,,,Limestone,Pebble,complete,77.13,54.7,44.09,281,no,,,,no,Manuport,,
Nesher Ramla,8741,8741-7,5,,,Limestone,Pebble,complete,101.42,91.04,93,1384,yes,tip,pecking,1,no,Hammerstone,,
Nesher Ramla,8741,8741-1,5,,,Limestone,Pebble,complete,66.41,63.85,56.31,403,no,,,,no,Manuport,,
Nesher Ramla,8485,8485,5,37,,Limestone,Pebble,complete,72.07,65.57,57.35,371,yes,tip,striations,1,no,Abrader,,
Nesher Ramla,5503,5503,5,45,,Nari,block,broken,178.73,143.13,86.36,2715,no,,,,no,Natural,,
Nesher Ramla,5503,5503-1,5,45,,Limestone,Pebble,complete,75.71,54.95,43.87,235,no,,,,no,Manuport,,
Fara II,,7,LF,,P10C,Limestone,block,broken,76.24,44.73,21.13,102,yes,central,polish,1,no,Undefined,,
Fara II,,8,LF,,P10C,Limestone,block,broken,62.7,55.3,27.03,132,yes,central,polish,1,no,Undefined,,
Fara II,,180,,,N15D,Limestone,Pebble,broken,75.66,66.19,44.15,241,yes,central,pecking,1,no,Hammerstone,,
Fara II,,101,,,O15a,Limestone,block,complete,50.15,47.3,37.65,107,yes,central,pecking,1,no,Undefined,,
Quneitra,,15204,,,G12,Basalt,boulder,broken,184.78,155.45,106.88,5000,yes,central,pecking,2,yes,Anvil,,
Quneitra,,15205,,,,Basalt,boulder,broken,153.14,146.12,132.57,5000,yes,central,pecking,2,yes,Anvil,,
Quneitra,,15201,,,,Basalt,boulder,broken,143.71,13.76,128.58,3781,yes,central,pecking,1,yes,Anvil,,
Nesher Ramla,8289,8289/1,5,37,,Limestone,Pebble,broken,75.32,60.12,43.52,303,yes,tip,pecking,1,no,Hammerstone,,samp for resid
Nesher Ramla,1635,1635,5,37,,Limestone,Pebble,complete,79.63,50.4,38.12,229,yes,tip,pecking,1,no,Hammerstone,,samp for resid
Nesher Ramla,8536,8536,5,,,Limestone,Pebble,broken,67.42,47.58,38.78,169,yes,tip,pecking,1,no,Hammerstone,,samp for resid
Nesher Ramla,5115,5115,5,,,Limestone,Pebble,broken,153.55,98.21,81.56,1819,yes,tip,pecking,1,no,Chopper,,samp for resid
Nesher Ramla,76,76,5,37A,,Limestone,boulder,broken,176.57,164.8,65.32,3988,yes,central,mix,2,yes,Anvil,,samp for resid
Nesher Ramla,377,377,5,37,Q18,Limestone,boulder,broken,154.1,134.43,122.35,3783,yes,tip,mix,3,yes,Undefined,,samp for resid
Nesher Ramla,68,68,5,37A,,Limestone,boulder,complete,206.58,102.85,102.5,3597,yes,central,pecking,2,yes,Undefined,,samp for resid- white resid
Nesher Ramla,7098,7098,5,,,Limestone,boulder,broken,203.48,152.03,75.61,3848,yes,central,pecking,1,no,Anvil,,samp for resid
Nesher Ramla,7665,7665,5,44,,Limestone,block,broken,192.93,138.34,120.02,3921,no,,,,yes,Undefined,,samp for resid- bone resid
Nesher Ramla,7244,7244,5,57,,Limestone,Pebble,broken,46.96,42.31,24.54,62,no,,,,yes,Undefined,,samp for resid-redish area
Nesher Ramla,338,338,5,37,P20,Limestone,Pebble,broken,87.18,72.66,61.28,535,yes,both,mix,3,no,Undefined,,samp for resid
Nesher Ramla,1534,1534,5,37,,Limestone,block,broken,155.06,152.89,93.99,3532,yes,central,pecking,1,no,Anvil,,samp for resid-talhado a volta?
Nesher Ramla,4152,4152,5,,,Limestone,boulder,complete,153.6,132.06,103.82,3058,yes,central,pecking,1,no,Anvil,,samp for resid
Nesher Ramla,8741,8741-6,5,,,Limestone,Pebble,complete,173.2,79.19,52.46,1274,yes,central,pecking,1,no,Abrader,,samp for resid
Nesher Ramla,900,900,5,37,,Limestone,Pebble,complete,77.94,72.49,44.01,396,yes,central,pecking,1,no,Undefined,,samp for resid
Nesher Ramla,5071,5071,5,53,,Limestone,block,broken,92.64,89.91,35.87,308,yes,central,striations,1,yes,Anvil,,samp for resid-white resid-contamination?
Nesher Ramla,5071,5071-1,5,53,,Limestone,Pebble,broken,111.16,86.81,27.11,155,yes,central,pecking,1,yes,Undefined,,samp for resid-black resid
Nesher Ramla,5551,5551,5,45,,Limestone,boulder,broken,151.45,63.91,71.02,11.71,yes,central,pecking,1,no,Anvil,,samp for resid
Nesher Ramla,5935,5935,5,,,Limestone,Pebble,broken,118.9,82,30.26,367,yes,central,pecking,1,yes,Anvil,,samp for resid-redish area
Nesher Ramla,5935,5935-1,5,,,Limestone,Pebble,complete,74.42,37.79,32.12,141,yes,central,polish,1,yes,Abrader,,samp for resid
Nesher Ramla,8743,8743,5,,,Limestone,Pebble,complete,78.26,52.69,51.45,306,yes,tip,polish,1,no,Abrader,,samp for resid
Nesher Ramla,x4,x4,5,,,Limestone,Pebble,complete,70.05,50.63,43.56,208,no,,,,,Undefined,,samp fer resid
Nesher Ramla,4277,4277,5,37,,Limestone,Pebble,complete,151.24,126.93,73.73,2031,yes,central,pecking,1,yes,Anvil,,samp fer resid- flint resid?
Nesher Ramla,4260,4260,5,37,,Limestone,Pebble,broken,85.28,67.82,59.11,420,yes,central,pecking,2,yes,Hammerstone,,samp for resid-redish area
,,,,,,,,,,,,,,,,,,Undefined,,
,,,,,,,,,,,,,,,,,,Undefined,,
,,,,,,,,,,,,,,,,,,Undefined,,
,,,,,,,,,,,,,,,,,,Undefined,,
,,,,,,,,,,,,,,,,,,Undefined,,
,,,,,,,,,,,,,,,,,,Undefined,,
Tinshemet,196,196,,,AO19,Limestone,Pebble,complete,56.9,53.48,40.95,165,no,,,,,Manuport,,
